-- =============================================================================
-- AIT_App — демо-данные для полного тестирования (MariaDB / MySQL 8+)
-- База: electronic_journal (как в config.example.json)
-- Запуск: mysql -u USER -p electronic_journal < mysql_seed_data.sql
-- ВНИМАНИЕ: скрипт удаляет существующие строки из учебных таблиц и перезаполняет их.
--           Учётную запись teacher/2222 пересоздаёт.
-- =============================================================================

SET NAMES utf8mb4;
SET sql_mode = 'STRICT_TRANS_TABLES,ERROR_FOR_DIVISION_BY_ZERO,NO_ENGINE_SUBSTITUTION';

USE `electronic_journal`;

-- -----------------------------------------------------------------------------
-- Очистка (сначала зависимые таблицы)
-- -----------------------------------------------------------------------------
SET FOREIGN_KEY_CHECKS = 0;
DELETE FROM `Аттестация`;
DELETE FROM `Запланированные_сессии`;
DELETE FROM `Ученики`;
DELETE FROM `Дисциплины`;
DELETE FROM `Группы`;
DELETE FROM `Преподаватели`;
DELETE FROM `Специальности`;
DELETE FROM `Данные_авторизации`;
SET FOREIGN_KEY_CHECKS = 1;

-- Сброс AUTO_INCREMENT у студентов, чтобы ID не «прыгали» после очистки (если колонка есть).
ALTER TABLE `Ученики` AUTO_INCREMENT = 1;

-- -----------------------------------------------------------------------------
-- Справочник оценок (PK = текстовое значение)
-- -----------------------------------------------------------------------------
INSERT IGNORE INTO `Оценки` (`Значение поля`) VALUES ('2'), ('3'), ('4'), ('5'), ('Н');

-- -----------------------------------------------------------------------------
-- Специальности → Группы
-- -----------------------------------------------------------------------------
INSERT INTO `Специальности` (`Код специальности`, `Название`) VALUES
  ('09.02.07', 'Информационные системы и программирование'),
  ('15.02.12', 'Монтаж, техническое обслуживание и ремонт промышленного оборудования');

INSERT INTO `Группы` (`Название группы`, `Специальность`, `Год зачисления`) VALUES
  ('ИСП-301', '09.02.07', 2023),
  ('ИСП-302', '09.02.07', 2023),
  ('МТО-201', '15.02.12', 2022);

-- -----------------------------------------------------------------------------
-- Преподаватели → Дисциплины (Предмет = Название дисциплины)
-- -----------------------------------------------------------------------------
INSERT INTO `Преподаватели` (`ФИО`, `Телефон`) VALUES
  ('Иванов Иван Иванович', '+79001112233'),
  ('Петрова Мария Сергеевна', '+79004445566'),
  ('Сидоров Пётр Александрович', '+79007778899');

INSERT INTO `Дисциплины` (`Название`, `Код`, `Преподаватель`) VALUES
  ('Математика', 'MATH-01', 'Иванов Иван Иванович'),
  ('Информатика', 'INF-01', 'Петрова Мария Сергеевна'),
  ('Физика', 'PHY-01', 'Иванов Иван Иванович'),
  ('История', 'HIST-01', 'Сидоров Пётр Александрович');

-- -----------------------------------------------------------------------------
-- Ученики (Группа = Название группы)
-- -----------------------------------------------------------------------------
INSERT INTO `Ученики` (`ФИО`, `Телефон`, `Группа`) VALUES
  ('Алексеев Алексей Алексеевич', '+79101010101', 'ИСП-301'),
  ('Борисова Борислава Борисовна', '+79101010102', 'ИСП-301'),
  ('Волков Вадим Вадимович', '+79101010103', 'ИСП-301'),
  ('Громова Галина Геннадьевна', '+79101010104', 'ИСП-301'),
  ('Данилов Даниил Данилович', '+79101010105', 'ИСП-301'),
  ('Егорова Елена Егоровна', '+79101010106', 'ИСП-302'),
  ('Жуков Жан Жоресович', '+79101010107', 'ИСП-302'),
  ('Зайцева Зинаида Захаровна', '+79101010108', 'ИСП-302'),
  ('Козлов Константин Кириллович', '+79101010109', 'МТО-201'),
  ('Лебедева Лариса Львовна', '+79101010110', 'МТО-201');

-- -----------------------------------------------------------------------------
-- Авторизация (teacher + доп. пользователь для проверки списка логинов)
-- -----------------------------------------------------------------------------
INSERT INTO `Данные_авторизации` (`Логин`, `Пароль`, `Роль`) VALUES
  ('teacher', '2222', 0),
  ('viewer', '3333', 1);

-- -----------------------------------------------------------------------------
-- Запланированные сессии (для триггера «Экзаменационная» и отчёта по сессии)
-- Даты в 2025 — попадают в типичный диапазон отчёта «с / по»
-- -----------------------------------------------------------------------------
INSERT INTO `Запланированные_сессии` (`Дата сессии`, `Предмет`) VALUES
  ('2025-06-10', 'Математика'),
  ('2025-06-12', 'Информатика'),
  ('2025-06-15', 'Физика'),
  ('2025-06-18', 'История');

-- -----------------------------------------------------------------------------
-- Аттестация: смесь оценок (триггер выставит «Экзаменационная» по Запланированные_сессии)
-- ID студента берём из Ученики по ФИО+группе — не зависит от AUTO_INCREMENT.
-- -----------------------------------------------------------------------------
-- ИСП-301: Алексеев — только «5» (отличник / красный диплом)
INSERT INTO `Аттестация` (`Оценка`, `Предмет`, `Номер студента`, `Дата`)
SELECT v.`Оценка`, v.`Предмет`, u.`ID`, v.`Дата`
FROM `Ученики` u
JOIN (
  SELECT '5' `Оценка`, 'Математика' `Предмет`, '2025-02-15' `Дата` UNION ALL
  SELECT '5', 'Информатика', '2025-02-20' UNION ALL
  SELECT '5', 'Физика', '2025-03-01' UNION ALL
  SELECT '5', 'История', '2025-03-10' UNION ALL
  SELECT '5', 'Математика', '2025-06-10' UNION ALL
  SELECT '5', 'Информатика', '2025-06-12'
) v
WHERE u.`ФИО` = 'Алексеев Алексей Алексеевич' AND u.`Группа` = 'ИСП-301';

-- Борисова: 4 и 5 — хорошист
INSERT INTO `Аттестация` (`Оценка`, `Предмет`, `Номер студента`, `Дата`)
SELECT v.`Оценка`, v.`Предмет`, u.`ID`, v.`Дата`
FROM `Ученики` u
JOIN (
  SELECT '5' `Оценка`, 'Математика' `Предмет`, '2025-02-15' `Дата` UNION ALL
  SELECT '4', 'Информатика', '2025-02-20' UNION ALL
  SELECT '5', 'Физика', '2025-03-01' UNION ALL
  SELECT '4', 'История', '2025-03-10' UNION ALL
  SELECT '5', 'Математика', '2025-06-10' UNION ALL
  SELECT '4', 'Информатика', '2025-06-12'
) v
WHERE u.`ФИО` = 'Борисова Борислава Борисовна' AND u.`Группа` = 'ИСП-301';

-- Волков: есть «3», нет 2 и Н — троечник
INSERT INTO `Аттестация` (`Оценка`, `Предмет`, `Номер студента`, `Дата`)
SELECT v.`Оценка`, v.`Предмет`, u.`ID`, v.`Дата`
FROM `Ученики` u
JOIN (
  SELECT '4' `Оценка`, 'Математика' `Предмет`, '2025-02-15' `Дата` UNION ALL
  SELECT '3', 'Информатика', '2025-02-20' UNION ALL
  SELECT '4', 'Физика', '2025-03-01' UNION ALL
  SELECT '5', 'История', '2025-03-10' UNION ALL
  SELECT '3', 'Математика', '2025-06-10' UNION ALL
  SELECT '4', 'Информатика', '2025-06-12'
) v
WHERE u.`ФИО` = 'Волков Вадим Вадимович' AND u.`Группа` = 'ИСП-301';

-- Громова: «2» и «Н» — должник
INSERT INTO `Аттестация` (`Оценка`, `Предмет`, `Номер студента`, `Дата`)
SELECT v.`Оценка`, v.`Предмет`, u.`ID`, v.`Дата`
FROM `Ученики` u
JOIN (
  SELECT '2' `Оценка`, 'Математика' `Предмет`, '2025-02-15' `Дата` UNION ALL
  SELECT '3', 'Информатика', '2025-02-20' UNION ALL
  SELECT 'Н', 'Физика', '2025-03-01' UNION ALL
  SELECT '4', 'История', '2025-03-10' UNION ALL
  SELECT '2', 'Математика', '2025-06-10' UNION ALL
  SELECT '3', 'Информатика', '2025-06-12'
) v
WHERE u.`ФИО` = 'Громова Галина Геннадьевна' AND u.`Группа` = 'ИСП-301';

-- Данилов: 4–5, средний ≥ 4.5 — красный диплом
INSERT INTO `Аттестация` (`Оценка`, `Предмет`, `Номер студента`, `Дата`)
SELECT v.`Оценка`, v.`Предмет`, u.`ID`, v.`Дата`
FROM `Ученики` u
JOIN (
  SELECT '5' `Оценка`, 'Математика' `Предмет`, '2025-02-15' `Дата` UNION ALL
  SELECT '5', 'Информатика', '2025-02-20' UNION ALL
  SELECT '4', 'Физика', '2025-03-01' UNION ALL
  SELECT '5', 'История', '2025-03-10' UNION ALL
  SELECT '5', 'Математика', '2025-06-10' UNION ALL
  SELECT '5', 'Информатика', '2025-06-12'
) v
WHERE u.`ФИО` = 'Данилов Даниил Данилович' AND u.`Группа` = 'ИСП-301';

-- ИСП-302
INSERT INTO `Аттестация` (`Оценка`, `Предмет`, `Номер студента`, `Дата`)
SELECT v.`Оценка`, v.`Предмет`, u.`ID`, v.`Дата`
FROM `Ученики` u
JOIN (
  SELECT '4' `Оценка`, 'Математика' `Предмет`, '2025-02-15' `Дата` UNION ALL
  SELECT '4', 'Информатика', '2025-02-20' UNION ALL
  SELECT '5', 'Физика', '2025-06-15'
) v
WHERE u.`ФИО` = 'Егорова Елена Егоровна' AND u.`Группа` = 'ИСП-302';

INSERT INTO `Аттестация` (`Оценка`, `Предмет`, `Номер студента`, `Дата`)
SELECT v.`Оценка`, v.`Предмет`, u.`ID`, v.`Дата`
FROM `Ученики` u
JOIN (
  SELECT '5' `Оценка`, 'Математика' `Предмет`, '2025-02-15' `Дата` UNION ALL
  SELECT '3', 'История', '2025-03-05'
) v
WHERE u.`ФИО` = 'Жуков Жан Жоресович' AND u.`Группа` = 'ИСП-302';

INSERT INTO `Аттестация` (`Оценка`, `Предмет`, `Номер студента`, `Дата`)
SELECT v.`Оценка`, v.`Предмет`, u.`ID`, v.`Дата`
FROM `Ученики` u
JOIN (
  SELECT '5' `Оценка`, 'Информатика' `Предмет`, '2025-06-12' `Дата` UNION ALL
  SELECT '5', 'Математика', '2025-06-10'
) v
WHERE u.`ФИО` = 'Зайцева Зинаида Захаровна' AND u.`Группа` = 'ИСП-302';

-- МТО-201
INSERT INTO `Аттестация` (`Оценка`, `Предмет`, `Номер студента`, `Дата`)
SELECT v.`Оценка`, v.`Предмет`, u.`ID`, v.`Дата`
FROM `Ученики` u
JOIN (
  SELECT '3' `Оценка`, 'Математика' `Предмет`, '2025-02-15' `Дата` UNION ALL
  SELECT '3', 'История', '2025-03-01'
) v
WHERE u.`ФИО` = 'Козлов Константин Кириллович' AND u.`Группа` = 'МТО-201';

INSERT INTO `Аттестация` (`Оценка`, `Предмет`, `Номер студента`, `Дата`)
SELECT v.`Оценка`, v.`Предмет`, u.`ID`, v.`Дата`
FROM `Ученики` u
JOIN (
  SELECT '5' `Оценка`, 'Математика' `Предмет`, '2025-02-15' `Дата` UNION ALL
  SELECT '5', 'История', '2025-03-01' UNION ALL
  SELECT '4', 'Математика', '2025-06-10'
) v
WHERE u.`ФИО` = 'Лебедева Лариса Львовна' AND u.`Группа` = 'МТО-201';

-- -----------------------------------------------------------------------------
-- Пересчёт типов оценок по плану сессий (если процедура уже есть в БД)
-- -----------------------------------------------------------------------------
CALL `sp_UpdateGradeTypes`();

SELECT 'Seed completed.' AS `Статус`,
       (SELECT COUNT(*) FROM `Ученики`) AS `Учеников`,
       (SELECT COUNT(*) FROM `Аттестация`) AS `Оценок в аттестации`,
       (SELECT COUNT(*) FROM `Запланированные_сессии`) AS `Запланированных сессий`;
